"p_val","avg_log2FC","pct.1","pct.2","p_val_adj","cluster","gene"
3.19685346304626e-134,0.319389648354673,0.414,0.145,1.46895416626975e-130,"vSMC/MC","Cox8a"
1.22656438199781e-35,2.25195507559469,0.109,0.032,5.63606333527995e-32,"vSMC/MC","Zcchc24"
5.42916631201606e-34,5.54725968678909,0.176,0.076,2.49470192037138e-30,"vSMC/MC","Rnasek"
