"p_val","avg_log2FC","pct.1","pct.2","p_val_adj","cluster","gene"
5.78358833001753e-143,1.02681783465516,0.395,0.145,2.65755883764306e-139,"PT-2","Cox8a"
7.28552427116016e-68,2.10185320755143,0.246,0.096,3.34769840259809e-64,"PT-2","Uqcr11"
2.38455586086469e-43,5.65302025066165,0.159,0.063,1.09570341806733e-39,"PT-2","Romo1"
