"p_val","avg_log2FC","pct.1","pct.2","p_val_adj","cluster","gene"
7.40036953253137e-54,0.460286861614498,0.169,0.032,3.40046980019816e-50,"EC-4","Zcchc24"
