"p_val","avg_log2FC","pct.1","pct.2","p_val_adj","cluster","gene"
7.44379641163686e-153,1.35156134661926,0.18,0.03,3.42042445114714e-149,"EC-3","Zcchc24"
8.1403266146536e-99,1.8453566078844,0.401,0.145,3.74048007943333e-95,"EC-3","Cox8a"
