"p_val","avg_log2FC","pct.1","pct.2","p_val_adj","cluster","gene"
0,1.85479839098796,0.225,0.024,0,"FIB","Zcchc24"
1.03178157738444e-301,0.5215572980918,0.428,0.137,4.74103634808149e-298,"FIB","Cox8a"
3.06597900098956e-251,0.904398534086601,0.163,0.021,1.4088173509547e-247,"FIB","Gpsm1"
1.23694705645566e-80,8.03144476498652,0.15,0.053,5.68377172441376e-77,"FIB","Ndufs6"
