"p_val","avg_log2FC","pct.1","pct.2","p_val_adj","cluster","gene"
4.09270345879612e-18,1.30295606707787,0.121,0.033,1.88059723931682e-14,"EC-1(gEC)","Zcchc24"
