"p_val","avg_log2FC","pct.1","pct.2","p_val_adj","cluster","gene"
8.19325829483483e-29,0.554114601163366,0.086,0.156,3.7648021864766e-25,"TAL-2","Cox8a"
4.71552874050855e-20,1.5708825107847,0.054,0.103,2.16678545626368e-16,"TAL-2","Uqcr11"
