"p_val","avg_log2FC","pct.1","pct.2","p_val_adj","cluster","gene"
3.11258435750607e-10,1.17855472666213,0.113,0.154,1.43023251227404e-06,"PC_CNT","Cox8a"
