"p_val","avg_log2FC","pct.1","pct.2","p_val_adj","cluster","gene"
8.28032234239458e-132,2.68123130783906,0.2,0.027,3.80480811633031e-128,"PECs?","Tfpi"
2.90388068118232e-12,0.389041114774236,0.204,0.099,1.33433317300328e-08,"PECs?","Uqcr11"
