"p_val","avg_log2FC","pct.1","pct.2","p_val_adj","cluster","gene"
0,4.81289517664841,0.137,0.035,0,"PT-1","Slc9a3"
3.37798468718487e-60,0.412993479497322,0.096,0.166,1.55218396376145e-56,"PT-1","Cox8a"
