"p_val","avg_log2FC","pct.1","pct.2","p_val_adj","cluster","gene"
1.31500907529582e-35,0.694436477844951,0.109,0.011,6.04246670098428e-32,"PC","Suox"
4.22400494164959e-24,0.89180699056844,0.324,0.099,1.94093027068799e-20,"PC","Uqcr11"
9.1501560186547e-24,1.65740064142889,0.122,0.022,4.20449669057183e-20,"PC","Polr2i"
