"p_val","avg_log2FC","pct.1","pct.2","p_val_adj","cluster","gene"
3.33106474514612e-66,0.978383179196077,0.362,0.147,1.53062425039464e-62,"IMM","Cox8a"
