"p_val","avg_log2FC","pct.1","pct.2","p_val_adj","cluster","gene"
7.95953517657318e-37,1.02142970234106,0.253,0.147,3.65740641363537e-33,"Undef","Cox8a"
7.00441897000995e-05,1.0832271228764,0.134,0.098,0.321853051671957,"Undef","Uqcr11"
