"p_val","avg_log2FC","pct.1","pct.2","p_val_adj","cluster","gene"
1.25198128799071e-47,1.0792531779963,0.197,0.096,5.75285401831732e-44,"PODO","Uqcr11"
