"p_val","avg_log2FC","pct.1","pct.2","p_val_adj","cluster","gene"
2.34243157201526e-38,1.07355466594013,0.213,0.033,1.07634730734101e-34,"EC-6","Zcchc24"
1.33906290539337e-23,0.661321220697456,0.153,0.028,6.15299405028252e-20,"EC-6","Tfpi"
