"p_val","avg_log2FC","pct.1","pct.2","p_val_adj","cluster","gene"
1.59038119472346e-16,2.63888260865476,0.112,0.027,7.30780158975428e-13,"ATL","Gpsm1"
9.89087199915963e-09,1.09026306418497,0.1,0.035,4.54485568361385e-05,"ATL","Higd2a"
1.99293326335998e-07,0.579853435237947,0.253,0.15,0.00091575283451391,"ATL","Cox8a"
