"p_val","avg_log2FC","pct.1","pct.2","p_val_adj","cluster","gene"
1.42111684443164e-135,1.08443978243827,0.131,0.029,6.5300319001634e-132,"EC-2","Zcchc24"
