"Category","Count","Proportion"
"Exclusive_DR",652,0.269199009083402
"Exclusive_sAct",156,0.0644095788604459
"only_rescued_in_combi",109,0.0450041288191577
"Other",1505,0.621387283236994
