"Category","Count","Proportion"
"Exclusive_DR",211,0.429735234215886
"Exclusive_sAct",20,0.0407331975560081
"Only_Active_in_Combi",14,0.0285132382892057
"Other",246,0.5010183299389
